review_id,aspect,aspect_sentiment,issue
13940467,effectiveness,neutral,
13940467,fragrance,positive,
13940467,formula,positive,
5007723,hair_effect,positive,
5007723,price_value,positive,
5383189,hair_effect,negative,caused frizzy and dry hair
5383189,formula,negative,did not like the product formulation
17743942,hair_effect,positive,
17743942,fragrance,positive,
17743942,scalp_effect,neutral,
23137463,application,positive,
23137463,effectiveness,positive,
23137463,hair_effect,positive,
10804993,hair_effect,positive,
4695307,fragrance,positive,
12905133,hair_effect,positive,
12905133,formula,positive,
18170169,hair_effect,negative,"makes hair frizzy, rough, and causes split ends"
18170169,effectiveness,negative,failed to perform well and worsened hair texture
19646790,hair_effect,negative,made hair drier and frizzier
10862867,quality,positive,
10862867,effectiveness,positive,
24151545,fragrance,positive,
24151545,scalp_effect,positive,
24151545,effectiveness,negative,does not reduce dryness and frizz
5085827,effectiveness,positive,
5085827,hair_effect,positive,
5085827,formula,positive,
10337210,effectiveness,positive,
10337210,hair_effect,positive,
10337210,fragrance,positive,
10337210,price_value,positive,
18594160,formula,positive,
18594160,hair_effect,positive,
16175628,formula,positive,
16175628,scalp_effect,positive,
16175628,finish,positive,
16175628,hair_effect,positive,
5421490,fragrance,positive,
5421490,texture,positive,
5421490,hair_effect,positive,
5421490,quantity,positive,
21742367,fragrance,positive,
21742367,hair_effect,positive,
10459586,hair_effect,positive,
5476258,hair_effect,positive,
5476258,fragrance,positive,
18974018,hair_effect,positive,
18974018,scalp_effect,negative,does not cleanse scalp well
13097207,texture,negative,hair felt dry and rough while washing initially
13097207,effectiveness,positive,
13765430,hair_effect,negative,does not control hairfall and does not make hair silky
13765430,fragrance,positive,
11274077,ingredients,negative,contains SLS and is not natural despite herbal branding
11274077,quality,negative,false marketing techniques used to sell chemicals
4921090,hair_effect,positive,
20151402,effectiveness,positive,
20151402,hair_effect,positive,
20151402,quality,positive,
4738957,effectiveness,positive,
17765974,packaging,positive,
17765974,effectiveness,positive,
11197135,hair_effect,positive,
17963070,fragrance,positive,
17963070,effectiveness,positive,
4715393,fragrance,positive,
4715393,hair_effect,negative,makes hair dry
18100846,effectiveness,positive,
18100846,scalp_effect,positive,
26525132,hair_effect,negative,left hair hard and frizzy
13773808,hair_effect,positive,
10837928,effectiveness,positive,
13044882,effectiveness,positive,
11196405,fragrance,positive,
11196405,longevity,negative,fragrance does not stay on hair
29613100,effectiveness,positive,
29613100,hair_effect,positive,
29613100,formula,positive,
29582061,hair_effect,positive,
29582061,effectiveness,positive,
19387976,effectiveness,positive,
19387976,fragrance,positive,
17766516,hair_effect,positive,
17766516,effectiveness,positive,
19508509,effectiveness,negative,increased flyaway tendencies and caused much more tangles instead of managing frizz
23575025,effectiveness,positive,
23575025,hair_effect,positive,
15057088,fragrance,positive,
15057088,effectiveness,positive,
15057088,hair_effect,positive,
13250741,hair_effect,negative,makes hair fall issue a lot worse
13250741,fragrance,positive,
18547263,hair_effect,negative,increases hair fall
18547263,effectiveness,positive,
18547263,hair_effect,negative,makes hair feel very dry
15376155,hair_effect,positive,
17909612,hair_effect,positive,
17909612,effectiveness,negative,performs below expectations compared to other conditioners
19476877,hair_effect,positive,
19476877,scalp_effect,positive,
23477278,hair_effect,negative,made hair very rough and caused severe hairfall
12284710,hair_effect,positive,
4738015,quality,positive,
29243507,hair_effect,positive,
14533461,hair_effect,positive,
5676985,hair_effect,positive,
5676985,fragrance,positive,
5676985,longevity,positive,
16092259,hair_effect,positive,
16525052,fragrance,positive,
16525052,hair_effect,positive,
21404403,hair_effect,positive,
21404403,fragrance,positive,
4710871,hair_effect,positive,
4710871,effectiveness,positive,
4710871,fragrance,positive,
4710871,price_value,positive,
22245360,fragrance,positive,
22245360,effectiveness,positive,
22245360,hair_effect,positive,
4630968,hair_effect,positive,
4630968,formula,positive,
4630968,fragrance,positive,
28111271,hair_effect,positive,
10310424,fragrance,positive,
10310424,hair_effect,positive,
17537047,hair_effect,positive,
17537047,fragrance,positive,
17537047,formula,positive,
19377634,hair_effect,negative,makes hair super dry and rough
15675360,quantity,positive,
10584805,quantity,positive,
10584805,hair_effect,positive,
10584805,scalp_effect,negative,leaves the scalp a little dry
13233715,effectiveness,positive,
13233715,fragrance,positive,
16234593,hair_effect,positive,
16234593,price_value,positive,
4950601,hair_effect,positive,
4950601,quality,positive,
13204434,hair_effect,positive,
13204434,fragrance,positive,
13204434,finish,positive,
13204434,effectiveness,positive,
10829733,hair_effect,positive,
10829733,fragrance,positive,
10829733,effectiveness,positive,
5991551,hair_effect,positive,
10067628,hair_effect,negative,made hair more frizzy and does not control frizz
13578508,effectiveness,positive,
13578508,fragrance,positive,
13578508,quantity,positive,
25649022,price_value,positive,
25649022,effectiveness,positive,
16774518,effectiveness,positive,
16774518,hair_effect,positive,
22624749,hair_effect,positive,
12827229,effectiveness,positive,
12827229,hair_effect,positive,
12827229,price_value,positive,
28274635,quantity,positive,
28274635,price_value,positive,
28274635,fragrance,neutral,
28274635,packaging,positive,
13857636,packaging,positive,
6006232,hair_effect,positive,
6006232,effectiveness,positive,
17905366,effectiveness,positive,
19514279,price_value,negative,expensive price
19514279,hair_effect,positive,
14388905,effectiveness,positive,
15666537,effectiveness,positive,
15666537,hair_effect,positive,
15666537,fragrance,positive,
25560035,hair_effect,negative,made hair fall out in clumps and weakens hair
25560035,price_value,negative,terrible waste of money
25560035,effectiveness,negative,does the opposite of strengthening the hair
19020487,hair_effect,negative,left hair weirdly coarse and not feeling fresh
19020487,fragrance,positive,
18673725,hair_effect,positive,
18673725,fragrance,positive,
14296746,hair_effect,positive,
5498462,hair_effect,positive,
5498462,fragrance,positive,
4862269,texture,positive,
4862269,hair_effect,positive,
20452127,effectiveness,positive,
20452127,hair_effect,positive,
20452127,price_value,positive,
28546972,price_value,positive,
28546972,hair_effect,positive,
10847411,hair_effect,positive,
10847411,effectiveness,positive,
10847411,fragrance,positive,
10847411,quality,positive,
14264325,fragrance,positive,
14264325,hair_effect,positive,
14264325,texture,positive,
4632275,hair_effect,positive,
14561046,effectiveness,positive,
14561046,hair_effect,positive,
21926078,hair_effect,positive,
21926078,fragrance,positive,
21926078,quantity,neutral,
14465045,hair_effect,negative,increased hair fall
14465045,price_value,negative,too expensive compared to cheaper alternatives like clinic plus
14465045,effectiveness,negative,performs no better than any other standard shampoo
25589107,effectiveness,negative,product performs like an average regular shampoo
25589107,price_value,negative,wasting money on this
17885403,hair_effect,positive,
17885403,manageability,positive,
17885403,effectiveness,positive,
17885403,finish,positive,
10824742,hair_effect,positive,
10824742,effectiveness,positive,
19579670,hair_effect,negative,Makes hair extremely dry
19579670,formula,negative,"Contains chemicals, parabens, and sulphates despite claims"
19579670,price_value,negative,Waste of money
12092140,hair_effect,positive,
12092140,fragrance,positive,
12812064,fragrance,positive,
12812064,hair_effect,positive,
5002912,hair_effect,positive,
5002912,price_value,positive,
5002912,formula,positive,
19505777,effectiveness,positive,
19505777,hair_effect,positive,
19505777,fragrance,positive,
19505777,price_value,positive,
10854618,effectiveness,positive,
10854618,hair_effect,positive,
10854618,fragrance,positive,
13941987,hair_effect,positive,
13941987,fragrance,positive,
17865301,texture,positive,
17865301,effectiveness,positive,
17865301,quantity,positive,
17865301,price_value,positive,
16633576,hair_effect,positive,
13523782,hair_effect,negative,made hair brittle and rough
13523782,fragrance,positive,
13523782,scalp_effect,negative,made dry scalp even more dry
26318347,hair_effect,positive,
26318347,effectiveness,positive,
18017117,effectiveness,positive,
18017117,price_value,positive,
5526583,skin_feel,positive,
5526583,fragrance,positive,
13548074,hair_effect,positive,
13548074,fragrance,positive,
13548074,effectiveness,positive,
10635781,hair_effect,negative,dries hair too much and cannot be used daily
10635781,scalp_effect,negative,dries hair too much even on an oily scalp
26756321,hair_effect,positive,
4731423,effectiveness,positive,
4731423,fragrance,positive,
14106582,price_value,positive,
14106582,effectiveness,positive,
14106582,hair_effect,positive,
12202036,effectiveness,positive,
12202036,texture,positive,
12202036,hair_effect,positive,
4788931,scalp_effect,positive,
4788931,effectiveness,positive,
10857969,fragrance,positive,
10857969,formula,negative,contains sulphates
10857969,hair_effect,negative,makes hair like a wide broom and frizzy
13471588,fragrance,positive,
13471588,hair_effect,positive,
13471588,formula,positive,
13471588,quantity,positive,
13471588,price_value,positive,
6160368,hair_effect,positive,
14749640,effectiveness,positive,
16898751,hair_effect,positive,
16898751,effectiveness,negative,does not get rid of frizzy hair
18496581,hair_effect,positive,
18496581,effectiveness,positive,
16938690,hair_effect,positive,
16938690,texture,positive,
16938690,effectiveness,positive,
14801585,fragrance,positive,
14801585,hair_effect,positive,
13229916,effectiveness,positive,
17811696,effectiveness,positive,
17811696,fragrance,positive,
17811696,texture,positive,
20523950,effectiveness,positive,
12827962,effectiveness,positive,
12827962,hair_effect,positive,
12827962,price_value,positive,
12866957,hair_effect,positive,
16600134,hair_effect,positive,
16600134,formula,positive,
16600134,quality,positive,
17773762,hair_effect,positive,
17773762,fragrance,positive,
17773762,formula,positive,
4883534,hair_effect,positive,
4883534,formula,positive,
4883534,quality,positive,
5160407,hair_effect,positive,
5160407,effectiveness,positive,
5160407,ingredients,positive,
5160407,fragrance,positive,
5160407,scalp_effect,positive,
5160407,quality,positive,
10156933,hair_effect,positive,
13044503,hair_effect,negative,made wavy and frizzy hair more frizzy and unmanageable
5375155,scalp_effect,negative,did not suit oily and itchy scalp
5375155,hair_effect,negative,started having hair fall badly after a week of use
5292755,formula,positive,
5292755,fragrance,positive,
11012439,fragrance,positive,
11012439,effectiveness,negative,does not help stop hair fall
17730116,formula,positive,
17730116,application,positive,
14291383,formula,positive,
14291383,texture,positive,
14291383,finish,positive,
14291383,coverage,neutral,
18853990,shade_match,positive,
25763568,shade_match,positive,
25763568,texture,positive,
25763568,price_value,negative,too expensive
25763568,longevity,negative,not smudge proof when wearing masks
23463071,quality,positive,
13963819,shade_match,positive,
20812984,pigmentation,positive,
20812984,longevity,positive,
20812984,application,positive,
20812984,finish,positive,
20935220,texture,positive,
20935220,skin_feel,positive,
20518836,application,positive,
20726714,effectiveness,positive,
13750529,shade_match,positive,
13750529,finish,positive,
13750529,packaging,positive,
15349207,formula,positive,
15349207,finish,positive,
15349207,shade_match,positive,
15349207,longevity,positive,
15349207,texture,positive,
17320056,shade_match,positive,
17320056,texture,positive,
17449205,shade_match,positive,
21864123,texture,positive,
21864123,application,positive,
27986382,blendability,positive,
27986382,effectiveness,positive,
23140265,shade_match,positive,
13790789,pigmentation,positive,
13790789,longevity,positive,
13790789,price_value,positive,
16065540,effectiveness,positive,
16065540,finish,positive,
27939872,quality,positive,
21781685,texture,positive,
21781685,skin_feel,positive,
21781685,price_value,positive,
24967907,shade_match,positive,
24967907,texture,positive,
24967907,pigmentation,positive,
24967907,price_value,positive,
24967907,quantity,positive,
14187063,shade_match,positive,
21427270,shade_match,positive,
21427270,texture,positive,
19005585,coverage,positive,
19005585,pigmentation,positive,
15730469,price_value,positive,
15730469,pigmentation,positive,
15730469,longevity,positive,
25108427,shade_match,positive,
25108427,application,positive,
21303772,quality,negative,did not like the product at all
21303772,price_value,negative,high price
14876470,effectiveness,positive,
22030775,effectiveness,positive,
22030775,skin_feel,positive,
22030775,formula,positive,
22030775,finish,positive,
12903257,application,positive,
12903257,effectiveness,positive,
18543447,pigmentation,positive,
18543447,longevity,positive,
26910453,shade_match,positive,
26910453,texture,positive,
22764491,quality,positive,
22764491,finish,positive,
13498594,shade_match,positive,
13498594,pigmentation,positive,
23156373,formula,positive,
23156373,skin_feel,positive,
13790524,shade_match,positive,
13790524,finish,positive,
13790524,longevity,positive,
13790524,price_value,positive,
22636835,texture,positive,
22636835,shade_match,positive,
22636835,finish,positive,
24292670,weight,positive,
24292670,shade_match,positive,
24292670,price_value,positive,
27292071,shade_match,positive,
27292071,coverage,positive,
27292071,pigmentation,positive,
21119750,texture,positive,
21119750,application,positive,
21119750,shade_match,positive,
26516470,pigmentation,negative,pigmentation is very poor
26516470,price_value,negative,waste of money
13233246,application,positive,
13233246,texture,positive,
24602775,shade_match,positive,
20233494,shade_match,positive,
12502042,shade_match,positive,
12502042,application,positive,
26040622,blendability,positive,
26040622,shade_match,positive,
26040622,effectiveness,positive,
15066300,shade_match,positive,
21952863,texture,positive,
21952863,finish,positive,
21952863,longevity,positive,
17116948,texture,positive,
17116948,quantity,positive,
25646892,finish,positive,
25646892,price_value,positive,
26691796,shade_match,negative,too dark for fair skin tones
26691796,packaging,negative,unable to return the product
19743537,texture,positive,
19743537,longevity,positive,
14599165,quality,positive,
25729155,shade_match,positive,
23186870,quality,positive,
13424591,application,positive,
13424591,longevity,positive,
21638938,shade_match,positive,
21638938,pigmentation,positive,
21638938,longevity,positive,
20177677,shade_match,positive,
14644071,texture,positive,
14644071,blendability,positive,
14644071,shade_match,positive,
14644071,packaging,negative,packaging looks too similar across different product types making them hard to distinguish
19772922,texture,positive,
19772922,pigmentation,positive,
15303952,texture,positive,
22761316,shade_match,positive,
22761316,formula,positive,
22761316,quality,positive,
21875231,formula,positive,
21875231,coverage,negative,not pore filling
21875231,pigmentation,neutral,
21875231,price_value,negative,not worth it at full MRP
21762325,texture,positive,
21762325,shade_match,positive,
13731398,skin_feel,positive,
13731398,texture,positive,
26463467,skin_feel,positive,
26463467,finish,positive,
26463467,coverage,positive,
26463467,price_value,positive,
26463467,quality,positive,
27455956,effectiveness,positive,
27455956,finish,positive,
13762041,shade_match,positive,
13762041,finish,positive,
28202670,texture,positive,
28202670,pigmentation,positive,
28202670,shade_match,positive,
28202670,longevity,negative,longevity not that good
25339406,packaging,positive,
25339406,shade_match,positive,
25339406,price_value,negative,Lil steep price
25339406,texture,positive,
25339406,effectiveness,positive,
25339406,application,negative,Doesn’t come with sponge
19554567,texture,positive,
19554567,shade_match,positive,
19554567,quality,positive,
26064439,price_value,negative,expensive for the quantity provided
26064439,quantity,positive,
13518396,pigmentation,positive,
13518396,texture,positive,
13518396,application,positive,
13518396,skin_feel,positive,
13518396,quality,positive,
28652594,finish,positive,
28652594,quality,positive,
13332554,shade_match,positive,
13332554,texture,positive,
13332554,pigmentation,positive,
13332554,quality,positive,
13332554,performance,positive,
16129376,longevity,positive,
16129376,pigmentation,positive,
19460101,texture,positive,
19464664,quality,positive,
19464664,longevity,positive,
19464664,price_value,positive,
26543236,shade_match,positive,
26543236,finish,positive,
26543236,texture,positive,
26543236,quality,positive,
18469912,formula,positive,
18469912,shade_match,positive,
18469912,finish,positive,
19903034,shade_match,positive,
19903034,coverage,positive,
15780152,application,positive,
15780152,texture,positive,
13826107,shade_match,positive,
13826107,formula,positive,
13826107,longevity,positive,
20145175,formula,positive,
20145175,texture,positive,
20145175,application,positive,
20145175,coverage,positive,
20145175,quality,positive,
25732545,texture,positive,
25732545,finish,positive,
21459559,shade_match,positive,
26151455,packaging,positive,
26151455,shade_match,positive,
26151455,coverage,positive,
26151455,texture,positive,
26151455,price_value,positive,
16869885,quality,positive,
16869885,longevity,negative,transfers to upper lids due to oily eyelids
15692235,texture,positive,
15692235,skin_feel,positive,
21146259,application,positive,
21146259,shade_match,positive,
15646710,application,positive,
15646710,finish,positive,
15646710,longevity,positive,
24388887,pigmentation,positive,
24388887,longevity,positive,
16712839,pigmentation,positive,
16712839,shade_match,positive,
16712839,application,positive,
28505134,pigmentation,positive,
28505134,application,positive,
13539666,application,positive,
13539666,quality,positive,
17585948,shade_match,positive,
17585948,finish,positive,
17585948,application,positive,
17788511,finish,positive,
17788511,quality,positive,
18286983,pigmentation,positive,
18286983,price_value,negative,little expensive
18286983,quality,positive,
14860630,application,positive,
14860630,quantity,positive,
19230242,shade_match,positive,
19230242,application,positive,
25756313,application,positive,
25756313,pigmentation,positive,
25756313,longevity,positive,
25756313,price_value,positive,
24320850,shade_match,positive,
24320850,formula,positive,
19873766,finish,positive,
19873766,shade_match,neutral,
19873766,packaging,positive,
19784147,longevity,positive,
19784147,pigmentation,positive,
19784147,price_value,positive,
19784147,effectiveness,positive,
16395934,pigmentation,positive,
16395934,blendability,positive,
16395934,price_value,positive,
14337586,effectiveness,positive,
14337586,shade_match,positive,
18248251,longevity,positive,
18248251,formula,positive,
13729371,application,positive,
13729371,texture,positive,
22069504,packaging,positive,
22069504,shade_match,positive,
14382460,effectiveness,positive,
19300312,quality,positive,
28370407,shade_match,positive,
23422396,packaging,negative,packaging makes the product very messy to use
23422396,quality,negative,tip of the pencil broke on the first try
23422396,quantity,negative,requires frequent sharpening and is almost halfway gone after 3 uses
23422396,formula,positive,
23422396,coverage,positive,
23422396,price_value,negative,poor value for money compared to alternatives
19454212,shade_match,positive,
21599732,quality,positive,
21599732,packaging,positive,
16029752,shade_match,positive,
18556171,shade_match,positive,
18556171,texture,negative,not so blendable and comes little flaky
18556171,effectiveness,positive,
22897505,longevity,positive,
22897505,formula,positive,
18473476,shade_match,positive,
18473476,formula,positive,
27082360,shade_match,positive,
14778145,formula,positive,
14778145,shade_match,positive,
21173168,packaging,positive,
21173168,pigmentation,positive,
21173168,texture,positive,
16505467,pigmentation,positive,
16505467,texture,positive,
16505467,shade_match,positive,
19497575,shade_match,positive,
19497575,longevity,positive,
19497575,texture,positive,
19497575,pigmentation,positive,
13590511,application,positive,
13590511,longevity,positive,
13590511,price_value,positive,
13590511,quality,positive,
17894115,shade_match,positive,
17894115,texture,positive,
17894115,longevity,positive,
22206229,shade_match,positive,
15572323,pigmentation,positive,
15572323,longevity,positive,
21781312,shade_match,positive,
21781312,application,positive,
16782793,shade_match,positive,
16782793,finish,positive,
20728844,application,positive,
20728844,price_value,positive,
17646691,shade_match,positive,
20613342,texture,positive,
20613342,pigmentation,negative,lack of pigmentation requires going over the same spot multiple times
20613342,application,positive,
20613342,longevity,negative,takes a while to set before applying concealer
26824903,quality,positive,
26824903,pigmentation,positive,
26653875,shade_match,positive,
26653875,coverage,positive,
26653875,effectiveness,positive,
26653875,application,positive,
14291003,texture,positive,
14291003,application,positive,
14291003,skin_feel,positive,
17697253,shade_match,positive,
17697253,pigmentation,positive,
13328792,formula,positive,
13328792,application,positive,
22456848,longevity,negative,not long lasting
22456848,quantity,negative,less quantity compared to competitor
25987317,longevity,positive,
25987317,application,positive,
15613485,shade_match,positive,
15613485,texture,positive,
12801390,application,positive,
12801390,longevity,positive,
26715307,finish,positive,
26715307,application,positive,
22528508,shade_match,positive,
22856832,finish,positive,
22856832,shade_match,positive,
22856832,pigmentation,positive,
22856832,quality,positive,
23758284,application,positive,
23758284,longevity,positive,
23758284,quality,positive,
21799438,formula,positive,
21799438,longevity,positive,
21799438,finish,positive,
21799438,skin_feel,positive,
21799438,shade_match,positive,
13730849,formula,positive,
13730849,coverage,positive,
13730849,shade_match,positive,
13730849,effectiveness,positive,
18855397,finish,positive,
18855397,packaging,negative,not so luxurious packaging and plastic lid
18855397,shade_match,negative,quit warm yellow gold colour may appear too gold on fair skin
18855397,pigmentation,positive,
18855397,price_value,positive,
18855397,texture,negative,has a lot of kickback
18855397,longevity,negative,doesnt last long
22886857,effectiveness,negative,not good for working women
19827810,effectiveness,positive,
19827810,coverage,positive,
21558643,application,positive,
21558643,formula,positive,
21558643,finish,positive,
16714797,pigmentation,positive,
16714797,skin_feel,positive,
16217675,shade_match,positive,
16217675,texture,positive,
16217675,application,positive,
16217675,finish,positive,
16217675,coverage,positive,
16217675,quality,positive,
17047194,quality,positive,
17047194,formula,positive,
23964828,shade_match,positive,
29075835,application,positive,
29075835,pigmentation,positive,
29075835,formula,positive,
27748732,shade_match,negative,way too yellow
27748732,price_value,negative,pricey
27748732,formula,positive,
27748732,coverage,positive,
27748732,texture,positive,
21455359,price_value,positive,
21455359,pigmentation,negative,less pigmented and requires layering several times
20375757,texture,positive,
16856464,texture,positive,
16856464,performance,positive,
22564783,longevity,positive,
22564783,quality,positive,
26524298,effectiveness,positive,
21018660,longevity,positive,
21018660,price_value,positive,
16930242,finish,positive,
17160913,shade_match,positive,
17160913,pigmentation,positive,
16531017,texture,positive,
16531017,shade_match,positive,
13398503,quality,positive,
13398503,shade_match,positive,
25544061,pigmentation,negative,"very light pigmented, not as expected"
25544061,price_value,negative,waste of money
19840473,shade_match,positive,
27861831,coverage,positive,
14845563,pigmentation,positive,
14845563,price_value,positive,
14845563,formula,positive,
17024784,fragrance,positive,
17024784,packaging,positive,
17024784,finish,positive,
15686676,price_value,positive,
15686676,finish,positive,
15686676,quality,positive,
22006371,texture,positive,
22006371,skin_feel,positive,
13317988,effectiveness,positive,
13317988,shade_match,positive,
11432193,effectiveness,positive,
17154122,texture,positive,
17154122,pigmentation,negative,not jet black
17154122,longevity,positive,
15896888,pigmentation,positive,
15896888,longevity,positive,
16029447,shade_match,positive,
16029447,application,positive,
13731222,coverage,neutral,not effective for very dark under-eye circles
13320649,formula,positive,
13320649,application,positive,
13320649,texture,positive,
23204718,pigmentation,positive,
24317802,shade_match,positive,
24317802,application,positive,
24317802,quality,positive,
13318163,effectiveness,positive,
13318163,price_value,positive,
14499790,coverage,negative,insufficient coverage for darker circles
26524249,shade_match,positive,
23082568,shade_match,positive,
27078180,shade_match,positive,
21569330,formula,positive,
21569330,longevity,positive,
19096273,texture,positive,
19096273,effectiveness,positive,
19096273,quality,positive,
23369619,application,positive,
23369619,skin_feel,positive,
29401166,blendability,positive,
29401166,shade_match,negative,too cool toned and looks ashy on warm skin tones
15485171,finish,negative,looks chalky
15485171,quality,negative,not great
21610055,quality,positive,
21610055,quantity,negative,too little product quantity for the given price
21610055,price_value,negative,poor value for money due to low quantity
22979876,packaging,positive,
22979876,finish,positive,
22979876,price_value,negative,too small for the price paid
22979876,texture,negative,contains tiny glitters that are disappointing
21215795,pigmentation,positive,
21215795,coverage,positive,
21215795,texture,positive,
14383065,finish,positive,
14383065,coverage,positive,
14383065,pigmentation,positive,
14383065,shade_match,positive,
16682315,shade_match,positive,
20785739,texture,positive,
20785739,pigmentation,positive,
20785739,application,positive,
22745805,shade_match,positive,
22745805,skin_feel,positive,
22745805,longevity,positive,
22745805,coverage,positive,
22745805,finish,positive,
23763180,formula,negative,"does not dry down, remains wet after half an hour"
23763180,longevity,negative,smudges all over
17337505,texture,positive,
17337505,coverage,positive,
17337505,price_value,positive,
16564716,longevity,positive,
16564716,finish,positive,
16564716,quality,positive,
18725646,pigmentation,positive,
18725646,blendability,positive,
18725646,texture,positive,
18725646,finish,positive,
20067891,shade_match,negative,turns a little brownish after setting down instead of staying yellow
20067891,formula,positive,
18611647,shade_match,neutral,
18611647,texture,neutral,watery formula
18611647,finish,positive,
18279961,application,positive,
18279961,finish,positive,
18279961,longevity,positive,
18279961,formula,positive,
26078354,shade_match,negative,"wrong shade, does not match NC 40 and has too much orange undertone"
26078354,price_value,negative,highly priced for so much less quantity
26078354,quality,negative,low quality and causes a lot of kickback when applying with brush
26078354,formula,negative,extremely patchy and does not blend at all
19572578,texture,positive,
19572578,coverage,positive,
17583904,texture,positive,
17583904,shade_match,positive,
17583904,finish,positive,
16113390,pigmentation,positive,
16113390,shade_match,positive,
15070107,coverage,negative,very sheer coverage and fine lines are not covered
20310704,application,positive,
17497374,application,positive,
17497374,shade_match,neutral,minor difference in colour that appears on screen and while applying
19378812,longevity,positive,
19378812,price_value,positive,
19378812,pigmentation,positive,
22524558,shade_match,positive,
22524558,application,positive,
22524558,pigmentation,positive,
22524558,finish,positive,
22524558,longevity,positive,
27525392,pigmentation,positive,
27525392,quantity,positive,
27525392,texture,positive,
20061935,longevity,positive,
20061935,texture,positive,
20061935,shade_match,positive,
23535666,price_value,negative,quantity is too low for the price
23535666,quantity,negative,quantity is too less
17337591,finish,positive,
17337591,shade_match,positive,
17337591,effectiveness,positive,
13988035,effectiveness,negative,does not control oil for long on oily skin
13988035,finish,positive,
13988035,quality,positive,
20378073,texture,positive,
20378073,finish,positive,
20378073,quality,positive,
28843526,quality,positive,
28843526,longevity,positive,
26173578,pigmentation,positive,
21517144,shade_match,negative,leaves a white cast on dusky skin
21517144,quantity,negative,no way to use it up
21517144,price_value,negative,disappointed with this purchase
24426979,shade_match,positive,
24426979,application,positive,
24034664,skin_feel,positive,
24034664,coverage,positive,
24034664,quality,positive,
19833664,pigmentation,positive,
19833664,quality,positive,
19833664,longevity,positive,
17570236,texture,positive,
17570236,application,positive,
17570236,quality,positive,
17570236,packaging,positive,
16197044,texture,positive,
16197044,performance,positive,
16197044,quality,positive,
19779080,formula,positive,
19779080,application,positive,
19779080,finish,positive,
19779080,texture,positive,
19779080,shade_match,positive,
21692834,shade_match,positive,
21692834,texture,positive,
25660911,finish,positive,
25660911,price_value,positive,
13698366,shade_match,positive,
15122489,shade_match,positive,
15122489,formula,positive,
15122489,price_value,positive,
15122489,finish,positive,
15122489,longevity,positive,
15122489,fragrance,positive,
15122489,quality,positive,
14511714,shade_match,positive,
14511714,texture,positive,
14511714,pigmentation,positive,
14108512,longevity,positive,
14108512,pigmentation,positive,
21215292,shade_match,positive,
21215292,pigmentation,positive,
21215292,finish,positive,
20698660,quality,positive,
20698660,finish,positive,
20698660,longevity,positive,
14838217,shade_match,positive,
14838217,price_value,positive,
23896524,shade_match,positive,
23896524,pigmentation,neutral,needs three coats for this payoff
23896524,texture,positive,
23896524,finish,positive,
16110454,shade_match,neutral,
16110454,formula,positive,
16110454,texture,neutral,
21185055,finish,positive,
23406541,coverage,negative,coverage is mild and doesn't camouflage pigmentation
23406541,pigmentation,negative,does not camouflage pigmentation well
26437935,effectiveness,positive,
18880655,shade_match,positive,
18880655,pigmentation,positive,
23255150,skin_feel,positive,
23255150,application,positive,
23255150,finish,positive,
19496470,longevity,positive,
18763617,effectiveness,positive,
25865257,finish,positive,
25865257,quality,positive,
24804599,effectiveness,positive,
20554331,price_value,positive,
15703165,shade_match,positive,
25874236,skin_feel,negative,leaves skin too drying
25874236,finish,negative,leaves a green cast even after applying foundation
25874236,quality,negative,not a good product
16673274,texture,positive,
16673274,pigmentation,positive,
25858887,pigmentation,positive,
25858887,texture,positive,
25858887,application,positive,
17208956,shade_match,positive,
17208956,application,positive,
17208956,longevity,positive,
17208956,price_value,positive,
20225775,shade_match,positive,
20225775,texture,positive,
20225775,longevity,positive,
26467373,application,positive,
26467373,coverage,positive,
26467373,finish,positive,
19309733,pigmentation,positive,
19309733,shade_match,positive,
19309733,quantity,positive,
16029769,shade_match,positive,
14018151,application,positive,
14018151,longevity,negative,fades away a little after 3 to 4 hours
25529920,longevity,positive,
25529920,finish,positive,
25529920,price_value,positive,
19032357,shade_match,negative,lightest shade description is inaccurate
19032357,shade_match,positive,
19032357,longevity,positive,
19032357,pigmentation,positive,
19032357,texture,negative,feels very powdery when taken on the brush
19032357,application,positive,
16068452,shade_match,positive,
16068452,formula,positive,
16068452,longevity,positive,
16068452,price_value,positive,
20532720,price_value,positive,
20532720,longevity,positive,
15705769,effectiveness,positive,
15705769,coverage,positive,
15409443,shade_match,positive,
21781121,texture,negative,"shades are very chalky and powdery, especially the darker ones"
21781121,pigmentation,negative,pigment was meh and has a lot of fallout
21781121,quantity,negative,metallic shades have less product in the metal pan than the matte ones
21781121,packaging,positive,
15974138,finish,positive,
20959648,shade_match,positive,
20959648,price_value,negative,costly product
20959648,finish,positive,
20959648,effectiveness,positive,
15579767,packaging,negative,all product details are written on the outer box and nothing on the actual product
15579767,texture,positive,
15579767,application,positive,
15579767,longevity,positive,
15579767,pigmentation,positive,
15579767,finish,positive,
23763931,texture,positive,
23763931,finish,positive,
23763931,longevity,positive,
23763931,price_value,negative,slightly pricy
14645280,texture,positive,
14645280,finish,positive,
14645280,quality,positive,
21887930,coverage,positive,
21887930,finish,positive,
14170357,shade_match,positive,
14170357,finish,positive,
14170357,application,neutral,
14170357,longevity,positive,
13732090,application,positive,
13732090,finish,positive,
28942823,skin_feel,negative,feels very oily after application
28942823,formula,negative,oxidizes too quickly
28942823,price_value,negative,total waste of money
13731686,coverage,positive,
13731686,effectiveness,positive,
16242142,finish,positive,
19005587,shade_match,positive,
16407616,quality,positive,
16407616,application,positive,
16322039,application,positive,
16322039,longevity,positive,
16322039,pigmentation,positive,
16322039,effectiveness,positive,
16322039,texture,positive,
17887943,shade_match,positive,
17887943,finish,positive,
29092992,shade_match,positive,
29068814,texture,positive,
29068814,shade_match,positive,
29068814,finish,positive,
29068814,skin_feel,positive,
16126799,texture,positive,
16126799,application,positive,
26377332,formula,positive,
26377332,application,positive,
26377332,shade_match,positive,
26377332,packaging,positive,
22247795,application,positive,
22247795,texture,positive,
22247795,shade_match,positive,
16008055,pigmentation,positive,
16008055,price_value,positive,
14269044,longevity,positive,
26058899,finish,positive,
26058899,formula,positive,
26058899,application,positive,
11048356,shade_match,positive,
11048356,pigmentation,positive,
11048356,texture,positive,
11048356,finish,positive,
15118880,effectiveness,positive,
14408632,shade_match,positive,
18687007,formula,positive,
18687007,skin_feel,positive,
18687007,application,positive,
18687007,price_value,negative,high price
21781363,packaging,positive,
21781363,shade_match,negative,shade pecan was too dark
21781363,quality,positive,
21781363,application,negative,does not include a puff or sponge
15401066,finish,positive,
15401066,shade_match,positive,
15968711,effectiveness,positive,
16858214,shade_match,positive,
21858972,pigmentation,positive,
21858972,texture,positive,
21858972,packaging,positive,
21858972,price_value,neutral,price is a bit high
13328091,pigmentation,positive,
13328091,longevity,positive,
17005739,shade_match,positive,
17479196,pigmentation,positive,
17479196,application,positive,
17479196,price_value,negative,overpriced
26474442,shade_match,positive,
26474442,texture,positive,
26474442,longevity,positive,
20336357,price_value,positive,
21811569,quality,positive,
21811569,price_value,negative,price is high relative to quantity
21811569,quantity,negative,quantity is low relative to price
17301873,application,positive,
17301873,shade_match,positive,
17301873,packaging,negative,did not include an applicator
16727931,formula,positive,
16727931,application,positive,
16727931,pigmentation,positive,
16727931,longevity,positive,
16727931,price_value,positive,
18730476,shade_match,positive,
18730476,pigmentation,positive,
18730476,packaging,positive,
5596657,shade_match,positive,
5596657,coverage,positive,
5596657,skin_feel,positive,
5596657,formula,positive,
4654182,packaging,positive,
4654182,shade_match,positive,
17702367,longevity,negative,not long lasting
17702367,effectiveness,negative,not waterproof
17702367,price_value,negative,waste of money
619157,effectiveness,positive,
12866700,effectiveness,negative,does nothing on my face
12866700,price_value,negative,complete wastage of money
18466092,effectiveness,positive,
10792615,finish,positive,
10792615,texture,positive,
5565025,texture,positive,
5565025,pigmentation,positive,
5565025,application,positive,
14480008,effectiveness,positive,
24031,shade_match,positive,
24031,formula,negative,does not stick well in hot weather without lip balm
16625219,longevity,positive,
16625219,shade_match,positive,
19744059,quantity,negative,size is too small
19744059,price_value,negative,not worth the money
17778428,formula,positive,
17778428,effectiveness,positive,
17778428,price_value,positive,
15742402,finish,positive,
15742402,longevity,positive,
4772764,effectiveness,positive,
5538459,effectiveness,negative,does not combat oiliness
5016719,effectiveness,positive,
5016719,longevity,positive,
5016719,finish,positive,
876369,longevity,positive,
876369,application,positive,
26601034,effectiveness,positive,
26601034,skin_feel,positive,
26601034,texture,neutral,
26601034,price_value,negative,not a value for money
26601034,quantity,positive,
16572469,coverage,positive,
5104788,longevity,positive,
5104788,skin_feel,positive,
5104788,fragrance,negative,has a glue like smell
11704261,price_value,positive,
11704261,quality,positive,
25420552,scalp_effect,positive,
25420552,hair_effect,positive,
20554476,price_value,positive,
20554476,application,negative,applicator is not flexible enough
20554476,shade_match,negative,color is not as dark as expected
20554476,formula,negative,dries way too fast
10736459,packaging,negative,product appearance does not match the picture
10736459,fragrance,negative,smell is very strong and causes eye irritation
2150445,effectiveness,positive,
2150445,application,positive,
2150445,coverage,positive,
2688380,price_value,positive,
2688380,longevity,positive,
2688380,finish,positive,
5315276,texture,positive,
5315276,finish,positive,
5315276,effectiveness,positive,
15170746,formula,negative,product arrived dried out
15170746,application,negative,does not provide one-stroke application
548126,coverage,positive,
548126,shade_match,positive,
21306005,effectiveness,negative,causes skin to become darker
11006328,effectiveness,positive,
1369188,skin_feel,negative,very drying for dry skin
1369188,effectiveness,positive,
13454260,quality,neutral,
13454260,fragrance,negative,smells very bad
16289283,longevity,positive,
16289283,coverage,positive,
16289283,quantity,positive,
12600609,shade_match,negative,too pale for Indian skin tone
20296583,effectiveness,positive,
11221383,effectiveness,positive,
22128124,effectiveness,positive,
22128124,finish,negative,skin looks a little bit shiny
14017731,texture,positive,
14017731,finish,positive,
23524128,price_value,positive,
23524128,quantity,positive,
10964205,shade_match,positive,
10964205,longevity,positive,
12471183,effectiveness,positive,
12773974,effectiveness,positive,
12773974,skin_feel,negative,causes rashes on face
12773974,formula,negative,not suitable for sensitive skin
12034111,texture,positive,
12034111,coverage,positive,
12034111,application,positive,
12034111,formula,positive,
10554335,shade_match,positive,
10554335,finish,positive,
17536933,formula,positive,
17536933,skin_feel,positive,
15133485,pigmentation,positive,
15133485,price_value,neutral,only worth it if on discount
10142565,quantity,negative,small in size
10142565,quality,positive,
20797500,quality,positive,
5614209,finish,positive,
5614209,application,positive,
5614209,effectiveness,positive,
5651657,packaging,positive,
5651657,effectiveness,positive,
5141231,coverage,positive,
5141231,finish,negative,makes skin look worn out in humid or dusty environments
5776406,price_value,positive,
5776406,effectiveness,positive,
5776406,finish,positive,
5776406,skin_feel,positive,
2146324,price_value,negative,wasting money
2146324,effectiveness,negative,not given any highlight
14281838,longevity,positive,
20639609,coverage,positive,
12724765,longevity,negative,smudges easily on oily eyelids
12661565,application,positive,
12661565,effectiveness,positive,
21235284,application,positive,
11753422,shade_match,positive,
11753422,longevity,positive,
13237316,effectiveness,positive,
13237316,price_value,positive,
19212650,effectiveness,positive,
19212650,pigmentation,positive,
12682286,effectiveness,negative,no change in hair color
12682286,price_value,negative,waste of money and time
3095752,skin_feel,negative,feels very sticky and heavy
3095752,effectiveness,negative,doesn't do what it claims
3230692,price_value,negative,not worth the price
3230692,quantity,negative,contains significantly less than the advertised 6ml
3230692,application,negative,brush is not easy to use
3230692,formula,negative,dries out quickly and peels off easily
3230692,packaging,negative,received without a seal
3230692,finish,negative,not glossy
2505926,effectiveness,positive,
2505926,hair_effect,positive,
1350807,texture,positive,
1350807,pigmentation,positive,
1350807,price_value,positive,
1401610,price_value,positive,
1401610,pigmentation,positive,
4353301,texture,negative,too oily and not creamy
4353301,application,negative,does not stick to the waterline
4353301,price_value,negative,not worth the money
1152376,application,positive,
1152376,quality,positive,
1152376,price_value,negative,little bit pricey
19447397,application,positive,
19447397,longevity,positive,
19447397,pigmentation,positive,
5328600,texture,positive,
5328600,quality,positive,
19008558,texture,negative,sticky
19008558,application,negative,difficult to clean even with makeup remover
19008558,skin_feel,negative,itchy
19008558,price_value,negative,money completely wasted
16055374,application,positive,
16055374,quality,positive,
14764370,effectiveness,positive,
15132050,pigmentation,positive,
15132050,application,neutral,
12603927,shade_match,positive,
12603927,texture,positive,
12603927,finish,positive,
12603927,fragrance,positive,
16309355,effectiveness,positive,
16309355,quality,positive,
10895753,application,positive,
10895753,longevity,positive,
1392579,application,positive,
1392579,formula,positive,
1392579,price_value,positive,
14646264,quantity,negative,quantity is little less
14646264,pigmentation,positive,
19922098,effectiveness,positive,
16307744,skin_feel,negative,makes skin really dry
5972344,price_value,positive,
5972344,shade_match,positive,
5972344,effectiveness,positive,
5392243,longevity,negative,it is waterproof but comes off
5392243,finish,negative,not matte
10481542,pigmentation,positive,
10481542,texture,positive,
10481542,shade_match,positive,
10481542,finish,positive,
21599769,coverage,positive,
21301657,longevity,positive,
21301657,effectiveness,positive,
21301657,price_value,positive,
12199371,texture,positive,
12199371,application,positive,
12199371,finish,positive,
5891386,quality,positive,
5891386,price_value,negative,too expensive for 6ml
5891386,quantity,negative,gets over in a matter of a few days
15459567,effectiveness,positive,
23514183,skin_feel,negative,makes skin feel dry
23514183,finish,negative,no glow
1002128,shade_match,positive,
1002128,formula,positive,
1002128,longevity,neutral,
10462081,effectiveness,negative,product did not work
13255990,skin_feel,positive,
13255990,fragrance,positive,
12948354,shade_match,negative,colour is too blonde and not suitable for Indian skin tone
6210604,effectiveness,positive,
58053,pigmentation,positive,
58053,texture,positive,
58053,longevity,positive,
58053,price_value,negative,expensive relative to the quantity provided
58053,quantity,negative,insufficient quantity for the price
4835102,application,positive,
4835102,pigmentation,negative,too black
28627921,skin_feel,positive,
11756452,price_value,positive,
994292,skin_feel,positive,
994292,finish,positive,
994292,application,positive,
994292,longevity,positive,
15973376,price_value,positive,
15973376,application,negative,requires a separate sharpener
2739630,texture,positive,
2739630,formula,positive,
4284255,finish,positive,
4284255,texture,neutral,
4284255,longevity,negative,does not stay long and is easily removed by drinking
3566240,shade_match,positive,
429259,skin_feel,positive,
429259,texture,negative,slightly sticky
429259,formula,positive,
429259,longevity,neutral,
13594866,pigmentation,positive,
13594866,quality,positive,
13594866,longevity,positive,
13594866,packaging,positive,
13594866,shade_match,positive,
26535843,shade_match,positive,
26535843,texture,positive,
26535843,finish,positive,
26535843,longevity,positive,
21923522,application,positive,
21923522,coverage,negative,does not provide full coverage
21923522,finish,positive,
3064347,application,negative,badly designed applicator
3064347,quality,negative,useless product
14588179,price_value,negative,not worth the money
14588179,quality,negative,inferior compared to nykaa liners
27648121,shade_match,negative,colour is a very bad light pink
13152494,formula,negative,does not suit combination to oily skin
13152494,coverage,positive,
13152494,skin_feel,positive,
13152494,finish,positive,
14934055,shade_match,positive,
14934055,texture,positive,
14934055,longevity,positive,
15397811,application,positive,
1773927,shade_match,positive,
18572892,shade_match,positive,
13815104,application,positive,
13815104,finish,positive,
13815104,packaging,positive,
13815104,pigmentation,positive,
875935,longevity,positive,
875935,formula,positive,
6148797,finish,positive,
28040684,pigmentation,positive,
28040684,application,positive,
28040684,longevity,negative,not smudge proof
11991514,skin_feel,negative,dries the skin
11991514,coverage,neutral,
11991514,finish,positive,
18965636,shade_match,negative,colour is too light
18965636,finish,positive,
1194597,texture,positive,
1194597,pigmentation,positive,
1194597,skin_feel,positive,
1194597,longevity,positive,
1194597,coverage,positive,
3206073,coverage,positive,
3206073,finish,positive,
3206073,price_value,positive,
11361193,finish,positive,
12028661,pigmentation,positive,
12028661,price_value,positive,
3334986,application,positive,
3334986,coverage,neutral,works more as a highlighter than foundation
10181992,finish,neutral,dewy finish is not very visible
10181992,price_value,positive,
26749121,shade_match,positive,
5312554,skin_feel,positive,
5312554,application,positive,
5312554,finish,positive,
2068404,shade_match,positive,
2068404,longevity,positive,
2068404,finish,positive,
6173614,quality,negative,not great and limited usage time
4191174,price_value,positive,
4388698,coverage,positive,
4388698,skin_feel,positive,
4388698,effectiveness,positive,
21717396,pigmentation,positive,
21717396,quality,positive,
18744318,quality,negative,not satisfied with the product performance
18744318,price_value,positive,
4075001,fragrance,positive,
4075001,longevity,positive,
17275563,longevity,positive,
17275563,pigmentation,positive,
18177256,finish,positive,
12667035,shade_match,mixed,shade is too dark for lips
2323046,shade_match,positive,
2323046,texture,positive,
328089,effectiveness,negative,not waterproof as claimed
328089,quality,positive,
17320591,quality,positive,
17320591,price_value,positive,
19323929,shade_match,positive,
19323929,pigmentation,positive,
19323929,longevity,positive,
19323929,price_value,positive,
6251929,formula,negative,smudges immediately upon application
12536502,finish,positive,
12536502,texture,negative,sticky
12536502,fragrance,positive,
3474498,texture,positive,
3474498,skin_feel,positive,
16864543,finish,negative,gives a cakey and whitish finish
16864543,coverage,negative,doesn't conceal anything
16864543,application,negative,doesn't blend with the skin
561725,packaging,negative,sponge comes out after a while
561725,pigmentation,negative,too much shimmer comes off at once
561725,quality,positive,
1346487,price_value,positive,
1346487,formula,positive,
19800276,pigmentation,positive,
17325732,finish,negative,powdery finish
17325732,price_value,negative,not worth the money
17325732,quality,negative,disgusting product quality
18930021,quality,positive,
18930021,packaging,negative,no sharpener included
3258840,skin_feel,positive,
3258840,finish,positive,
13610531,price_value,negative,expensive
13610531,pigmentation,positive,
20379533,shade_match,positive,
20379533,formula,positive,
20379533,application,positive,
20379533,pigmentation,positive,
875108,coverage,positive,
15059442,application,positive,
15059442,texture,positive,
13643196,finish,positive,
13643196,application,positive,
29315226,shade_match,positive,
29315226,texture,negative,"drying, flaky, uncomfortable, and heavy on lips"
29315226,price_value,negative,not worth the price
18448138,price_value,positive,
18448138,quality,positive,
835263,shade_match,neutral,
835263,effectiveness,positive,
835263,formula,positive,
1871931,finish,positive,
27647926,price_value,positive,
27647926,quantity,positive,
27647926,texture,negative,becomes sticky after drying
27647926,shade_match,positive,
13641134,longevity,positive,
2151922,shade_match,positive,
10283384,finish,negative,does not give shine to the face
10283384,formula,positive,
11949347,application,negative,requires a lot of effort to apply
11949347,quality,positive,
18093864,application,positive,
18093864,coverage,positive,
14210699,shade_match,positive,
14210699,longevity,positive,
1235730,application,positive,
1235730,coverage,positive,
1235730,shade_match,positive,
3421344,finish,positive,
1052950,shade_match,positive,
1052950,finish,positive,
1052950,longevity,positive,
1829498,shade_match,positive,
1944587,effectiveness,positive,
1944587,fragrance,positive,
1944587,longevity,negative,the shine will not last for longer
110297,price_value,positive,
110297,quality,positive,
3778120,finish,positive,
3778120,texture,negative,extremely sticky and attracts hair
15902280,shade_match,positive,
15902280,longevity,positive,
15902280,formula,positive,
6051562,finish,positive,
18364103,shade_match,positive,
18364103,effectiveness,positive,
1290792,shade_match,positive,
1290792,texture,positive,
1290792,packaging,positive,
1290792,delivery,positive,
1728047,finish,positive,
28678465,shade_match,positive,
28678465,finish,positive,
27885109,longevity,positive,
27885109,shade_match,positive,
27885109,fragrance,positive,
24654588,price_value,negative,price is too high
12186307,texture,positive,
12186307,fragrance,positive,
12186307,quality,positive,
12468420,effectiveness,positive,
24990499,longevity,positive,
24990499,finish,positive,
1267414,finish,positive,
19414683,texture,positive,
19414683,shade_match,positive,
20021707,shade_match,positive,
20021707,quality,positive,
1713945,finish,positive,
1713945,skin_feel,negative,sticky foundation feel
1713945,coverage,negative,doesnt hide marks perfectly
17790417,shade_match,positive,
17790417,finish,positive,
17790417,effectiveness,positive,
10274633,shade_match,positive,
10274633,longevity,positive,
10274633,quality,positive,
19347969,shade_match,positive,
19347969,finish,positive,
19347969,application,positive,
19347969,formula,positive,
5584973,shade_match,positive,
5584973,finish,positive,
14657968,fragrance,positive,
97633,skin_feel,positive,
13280623,pigmentation,positive,
13280623,texture,positive,
13280623,application,positive,
28512354,shade_match,positive,
11693637,texture,positive,
11693637,shade_match,positive,
15582028,effectiveness,neutral,
15239642,shade_match,positive,
15239642,price_value,positive,
13480812,shade_match,positive,
14572301,quality,neutral,
14572301,longevity,negative,removes too easily
3474005,pigmentation,positive,
3474005,price_value,positive,
13400802,longevity,negative,spreads around the eye area after application
15452668,pigmentation,positive,
15452668,longevity,positive,
946413,finish,positive,
26015313,finish,positive,
26015313,pigmentation,positive,
26015313,shade_match,positive,
10239671,skin_feel,positive,
10239671,effectiveness,positive,
10239671,coverage,neutral,
5930735,finish,positive,
4974874,texture,positive,
4974874,finish,positive,
10889834,texture,negative,very chunky
12710943,finish,negative,too shimmery and only gives shine
12710943,pigmentation,negative,colors are not visible
12710943,shade_match,negative,all shades look the same and pink shade is not the right tone
14653761,texture,positive,
14653761,fragrance,positive,
14653761,skin_feel,positive,
14653761,quality,positive,
22709814,pigmentation,positive,
22709814,application,positive,
21997353,effectiveness,positive,
3756944,texture,positive,
3756944,application,positive,
3756944,finish,positive,
3756944,skin_feel,positive,
10809425,texture,positive,
10809425,effectiveness,negative,making no difference on my skin
3200323,finish,positive,
24920262,application,positive,
24920262,skin_feel,positive,
24920262,coverage,positive,
24920262,formula,positive,
12984542,fragrance,negative,unpleasant smell
12984542,longevity,positive,
12984542,finish,positive,
2940072,application,positive,
2940072,longevity,positive,
14320453,shade_match,positive,
14320453,longevity,negative,does not last if doing household chores
14075072,shade_match,positive,
14075072,longevity,positive,
19128139,quantity,positive,
19128139,price_value,positive,
19128139,quality,positive,
2542055,quality,positive,
2542055,effectiveness,positive,
457475,finish,positive,
457475,texture,positive,
457475,application,positive,
457475,price_value,positive,
11205867,longevity,positive,
11205867,shade_match,positive,
110339,finish,positive,
110339,quality,positive,
18001688,pigmentation,positive,
18001688,skin_feel,positive,
18001688,application,positive,
5977078,shade_match,positive,
5977078,finish,positive,
2875443,longevity,positive,
2875443,shade_match,positive,
3373223,coverage,negative,does not cover dark circles
3373223,finish,negative,leaves a white cast and settles into fine lines
473795,coverage,positive,
473795,finish,positive,
15404605,shade_match,positive,
1319424,shade_match,positive,
1319424,price_value,positive,
12791901,application,negative,not smooth and requires multiple strokes
12791901,pigmentation,negative,not visible without multiple strokes
12791901,shade_match,negative,not suited for wheatish or dark complexions
4550462,finish,positive,
4550462,fragrance,positive,
17300848,skin_feel,positive,
14815090,shade_match,positive,
14815090,longevity,positive,
6125129,price_value,positive,
6125129,shade_match,positive,
6125129,fragrance,positive,
23566049,quality,positive,
23566049,texture,positive,
23566049,longevity,positive,
23566049,pigmentation,positive,
5824807,pigmentation,positive,
16035978,price_value,negative,too much price
16035978,coverage,negative,not soo good coverage
23313541,quality,positive,
13444369,shade_match,positive,
13444369,price_value,negative,a bit expensive
28771067,shade_match,positive,
28771067,finish,positive,
3921666,price_value,negative,waste of money
3921666,effectiveness,negative,doesn't make a difference
3921666,application,negative,poor application
26903,longevity,positive,
26903,pigmentation,positive,
26903,formula,positive,
24031582,finish,positive,
3050068,pigmentation,neutral,
3050068,effectiveness,negative,not effective for covering pimples or scars
18589671,shade_match,positive,
18589671,packaging,positive,
663891,shade_match,positive,
663891,price_value,positive,
663891,longevity,positive,
1165062,price_value,positive,
1165062,fragrance,positive,
1165062,finish,positive,
1165062,texture,negative,feels heavy and sticky
3406377,shade_match,positive,
1868154,price_value,positive,
11747095,pigmentation,positive,
11747095,formula,positive,
11747095,price_value,positive,
10624188,application,negative,patchy application
10185527,shade_match,positive,
10185527,finish,positive,
14922782,shade_match,positive,
19665887,shade_match,positive,
19665887,effectiveness,positive,
20383494,effectiveness,negative,product does not work
20383494,pigmentation,negative,horrible pigmentation and not visible
669909,application,positive,
669909,packaging,positive,
22236438,formula,positive,
22236438,application,positive,
827410,price_value,positive,
827410,application,positive,
827410,effectiveness,positive,
827410,quality,negative,product breaks easily
16670666,pigmentation,positive,
16670666,quantity,negative,insufficient quantity
14021499,pigmentation,positive,
14021499,effectiveness,positive,
5798896,shade_match,positive,
5504050,effectiveness,positive,
5504050,application,positive,
22220037,packaging,positive,
22220037,pigmentation,positive,
14013894,pigmentation,negative,contour is too light
14013894,pigmentation,neutral,
19551549,application,positive,
3196159,quality,positive,
3196159,application,neutral,requires perfect skin texture for application
3196159,shade_match,negative,contour shade is not dark enough
21790807,packaging,positive,
4540196,shade_match,positive,
4540196,finish,positive,
4540196,longevity,negative,does not last long
438816,effectiveness,positive,
10715020,quality,neutral,
14961166,fragrance,positive,
14961166,finish,negative,too glittery
14961166,longevity,positive,
1422922,pigmentation,negative,contour and blush are not pigmented
1422922,effectiveness,positive,
18336179,quantity,negative,product lasts for only 6-7 uses
10445796,application,neutral,
19276329,shade_match,positive,
19276329,texture,positive,
19276329,application,positive,
10953908,quality,negative,product quality is average and inferior to competitors
4816004,shade_match,positive,
16738860,pigmentation,positive,
16738860,price_value,neutral,
16738860,finish,positive,
16738860,longevity,positive,
20641498,longevity,negative,fades away quickly
20641498,quality,positive,
5224098,texture,negative,drying on lips
5224098,finish,negative,metallic sheen is almost absent
5224098,shade_match,negative,not flattering on wheatish complexion
19215136,shade_match,positive,
11385086,finish,negative,expected matte but received shiny white
11385086,longevity,positive,
11385086,quality,positive,
10630590,shade_match,positive,
10630590,application,positive,
11652656,finish,positive,
15245421,pigmentation,positive,
15245421,pigmentation,negative,contour side is not pigmented enough
10907616,shade_match,positive,
10907616,texture,negative,feels heavy on lips
10907616,longevity,neutral,
10907616,finish,negative,makes face look dull
15932026,shade_match,positive,
15932026,finish,positive,
4826134,finish,negative,looks like applying too much glitter
1738022,effectiveness,positive,
3101665,pigmentation,positive,
3101665,finish,negative,blush is way too shimmery
3101665,effectiveness,neutral,
3101665,quality,negative,product arrived scratched
3101665,packaging,negative,came with no brush
3101665,price_value,negative,too expensive for the quality and missing items
10215804,application,positive,
10215804,pigmentation,negative,less pigmented
1246264,price_value,positive,
13883591,pigmentation,positive,
13883591,texture,positive,
13883591,shade_match,positive,
182008,skin_feel,positive,
182008,finish,positive,
21131459,formula,negative,not transfer proof
15653111,pigmentation,positive,
15653111,longevity,positive,
15653111,formula,positive,
6305483,finish,positive,
18090602,texture,negative,hard and does not glide smoothly
18090602,application,negative,not easy to use
18090602,hair_effect,negative,feels like it is damaging hair
14402212,effectiveness,positive,
14402212,formula,negative,not waterproof
13884208,shade_match,positive,
13884208,application,positive,
13884208,pigmentation,positive,
1567247,price_value,positive,
1567247,shade_match,positive,
2760052,shade_match,negative,product does not show up on medium to deep skin tones
2760052,shade_range,negative,insufficient shade variety for deeper complexions
1357199,pigmentation,positive,
1357199,finish,positive,
1357199,shade_match,positive,
16169706,longevity,positive,
16169706,pigmentation,positive,
1341922,application,positive,
1341922,finish,positive,
3195642,quantity,negative,smaller than expected
3195642,quality,positive,
3195642,texture,positive,
15542639,pigmentation,negative,bronzer is not dark enough
15542639,pigmentation,positive,
19336114,shade_match,positive,
2969811,finish,positive,
12315199,application,positive,
12315199,shade_match,positive,
12315199,price_value,positive,
12315199,finish,positive,
13649010,shade_match,negative,limited color selection
13649010,shade_match,positive,
17922274,application,positive,
22523868,shade_match,positive,
5973961,longevity,negative,not smudge-proof
5973961,pigmentation,negative,not pigmented on the waterline
5973961,application,negative,doesn't slide well and hurts the eyes
1547587,finish,positive,
1547587,shade_match,neutral,
4549541,finish,positive,
4549541,coverage,positive,
4545959,packaging,positive,
4545959,pigmentation,positive,
17754580,quantity,positive,
17754580,finish,positive,
17754580,shade_match,neutral,
24798329,application,positive,
24798329,pigmentation,positive,
14246390,application,positive,
14246390,texture,positive,
11157361,application,positive,
14630401,pigmentation,positive,
14630401,finish,positive,
14630401,effectiveness,positive,
23682475,application,positive,
23682475,pigmentation,positive,
23682475,price_value,negative,quantity is a little less as compared to price
23682475,longevity,negative,not smudge proof
11954228,effectiveness,positive,
11954228,finish,positive,
13016681,shade_match,positive,
11738093,finish,positive,
11738093,application,positive,
10817287,application,positive,
10817287,effectiveness,positive,
14015222,application,positive,
14015222,finish,positive,
12195562,application,positive,
12195562,shade_match,positive,
4019994,pigmentation,positive,
4019994,shade_match,positive,
14446313,longevity,negative,does not stay on for even an hour
14110035,pigmentation,positive,
14110035,shade_match,negative,contour shade is too light and not suitable for all skin types
826299,effectiveness,positive,
826299,application,positive,
826299,finish,positive,
10701982,finish,positive,
10701982,formula,positive,
10438162,texture,positive,
10438162,effectiveness,positive,
20683557,application,positive,
2199307,pigmentation,positive,
4475046,shade_match,positive,
13702049,pigmentation,negative,not highly pigmented
13702049,quality,positive,
21861927,formula,negative,formula is very hard
21861927,effectiveness,negative,not working
1383268,formula,positive,
11030914,shade_match,negative,received golden brown instead of the pink shade shown in the picture
16058725,pigmentation,negative,contour is very light
16058725,effectiveness,positive,
20237434,pigmentation,negative,low pigmentation
20237434,application,positive,
12407388,application,positive,
10502664,shade_match,positive,
10502664,application,positive,
13717567,shade_match,positive,
13717567,effectiveness,positive,
13717567,application,negative,pencil end takes time to blend
3842571,texture,positive,
3842571,application,negative,does not blend well
3842571,finish,negative,does not give the final look
14368723,shade_match,positive,
14368723,pigmentation,positive,
14368723,finish,positive,
17107823,application,positive,
17107823,quantity,negative,gets over very quickly
12239860,skin_feel,positive,
12239860,application,negative,does not give a precise look
16356393,application,positive,
16356393,pigmentation,positive,
16356393,finish,positive,
3341186,finish,positive,
16052823,shade_match,positive,
16052823,pigmentation,positive,
16052823,price_value,positive,
14094343,texture,positive,
14094343,quality,negative,easily breakable
10837792,packaging,positive,
10837792,application,positive,
10837792,texture,positive,
10837792,pigmentation,positive,
10837792,effectiveness,positive,
6348857,finish,positive,
13042620,quality,positive,
850163,texture,positive,
850163,application,positive,
850163,skin_feel,positive,
10859021,longevity,positive,
10859021,shade_match,positive,
11384911,quality,positive,
11384911,formula,negative,pencil is very weak and breaks on soft application
12086719,quantity,negative,only 18gms provided
12086719,price_value,negative,exuberant price for the quantity
12086719,texture,negative,too thick and difficult to spread
3891765,shade_match,positive,
5435149,finish,positive,
5435149,shade_match,positive,
5435149,skin_feel,positive,
5065960,price_value,positive,
18080342,shade_match,positive,
18080342,finish,neutral,all shades are glitter except one
6198434,effectiveness,negative,could not see much difference after applying
6198434,formula,negative,contains glitter particles making it unsuitable for daily use
5504759,quality,positive,
5504759,quantity,positive,
11927112,pigmentation,negative,could have been more pigmented
11927112,quality,positive,
5957361,finish,negative,too glittery and lacks a subtle glow
20696524,shade_match,positive,
20696524,price_value,positive,
20696524,application,positive,
20696524,formula,positive,
12510250,pigmentation,positive,
12510250,application,positive,
4530163,shade_match,positive,
4530163,longevity,positive,
703568,effectiveness,positive,
703568,application,positive,
12863680,application,positive,
12863680,texture,positive,
12863680,pigmentation,positive,
5560829,pigmentation,negative,not pigmented even after multiple applications
21677379,delivery,positive,
12993025,finish,positive,
12993025,formula,positive,
5311444,shade_match,negative,shade is darker than expected
12004229,quality,positive,
408595,price_value,positive,
16902477,price_value,positive,
16902477,skin_feel,positive,
12707075,application,positive,
12707075,finish,positive,
14647500,application,positive,
14647500,formula,positive,
10126965,shade_match,neutral,
10126965,finish,positive,
3160298,application,positive,
3160298,finish,positive,
15037430,texture,positive,
15037430,packaging,positive,
10807381,pigmentation,positive,
10807381,texture,positive,
10807381,packaging,positive,
10807381,longevity,negative,does not stay on lips for even 1 hour
10807381,price_value,negative,expensive at full price
12203375,application,positive,
10069400,finish,positive,
10069400,pigmentation,neutral,
10069400,quality,negative,quality is inferior to Maybelline
12575859,finish,positive,
12575859,skin_feel,positive,
12575859,price_value,negative,quantity is less as per price
12575859,quality,positive,
13993367,shade_match,positive,
11164775,pigmentation,positive,
11164775,shade_match,negative,contour shade was not right for skin tone
1654607,texture,positive,
1654607,application,positive,
1654607,packaging,positive,
1654607,price_value,positive,
1654607,shade_match,positive,
18014099,shade_match,positive,
15047111,finish,negative,too shiny for under eye area
15047111,pigmentation,negative,contour shade is not dark enough
12786165,pigmentation,positive,
12786165,pigmentation,neutral,
277060,effectiveness,positive,
277060,price_value,positive,
17314372,application,positive,
17314372,longevity,positive,
17314372,formula,neutral,not waterproof
21797442,longevity,positive,
21797442,formula,positive,
3893136,longevity,negative,only lasts 4 hours
3893136,formula,positive,
3893136,shade_match,positive,
4885939,shade_match,positive,
4885939,finish,positive,
4885939,fragrance,positive,
4885939,texture,positive,
4885939,longevity,positive,
4042042,shade_match,positive,
4042042,finish,positive,
4042042,quantity,positive,
3779548,price_value,neutral,
2486906,effectiveness,positive,
2486906,pigmentation,positive,
14503767,longevity,positive,
14503767,application,positive,
12666311,effectiveness,positive,
3005578,longevity,negative,"not transfer proof, waterproof or long-lasting"
3262947,formula,negative,formula is very different from previous version
3262947,pigmentation,positive,
3262947,application,neutral,puff applicator takes time to get used to
3262947,finish,negative,does not dry on lips
3262947,longevity,positive,
3262947,price_value,positive,
17270991,shade_match,positive,
17270991,formula,positive,
2493970,packaging,positive,
2493970,application,positive,
2318855,shade_match,negative,contour shade is too light
2318855,application,positive,
2318855,formula,positive,
2318855,finish,positive,
3797185,texture,positive,
3797185,pigmentation,positive,
3797185,application,positive,
4516854,quality,negative,product breaks easily during use
4516854,application,negative,requires frequent sharpening which causes product breakage
2553686,application,positive,
2553686,finish,positive,
2553686,skin_feel,positive,
2553686,pigmentation,positive,
2553686,shade_match,positive,
2553686,price_value,positive,
10104284,effectiveness,positive,
10104284,price_value,negative,quantity is very small compared to the price
322109,packaging,positive,
322109,shade_match,neutral,too bright for Indian skin tone and not suitable for office wear
322109,longevity,negative,not as long lasting as the Revlon alternative
322109,fragrance,neutral,
480042,shade_match,positive,
480042,finish,positive,
2231765,pigmentation,negative,no pigmentation at all
2231765,finish,negative,makes lines in the lips more evident
2231765,price_value,negative,waste of money
2231765,quality,negative,worse than cheap local brands
21082322,shade_match,positive,
26682750,shade_match,positive,
2417338,texture,positive,
2417338,shade_match,positive,
2417338,formula,positive,
15159347,longevity,negative,does not show up after 1 hour
15159347,price_value,negative,not worth the money
15159347,finish,negative,dries up patchy
3408609,finish,negative,looks artificial and like a box of glitters
3408609,longevity,negative,only lasts for half an hour
11612842,shade_match,positive,
11612842,pigmentation,positive,
12719908,formula,positive,
12719908,shade_match,positive,
742766,shade_match,positive,
742766,pigmentation,positive,
742766,longevity,positive,
742766,texture,negative,looks patchy and feels sticky if layered
742766,finish,positive,
345730,shade_match,positive,
345730,pigmentation,positive,
345730,application,positive,
345730,longevity,positive,
345730,finish,positive,
345730,texture,positive,
345730,packaging,positive,
6223461,shade_match,positive,
3063718,longevity,negative,turns oily after 1 hour
3063718,formula,negative,not suitable for oily skin
12311923,shade_match,positive,
12311923,longevity,positive,
15165361,application,positive,
15165361,shade_match,positive,
11263457,finish,positive,
13482826,shade_match,positive,
13482826,formula,negative,"very thin, does not dry out completely, and gets stuck on teeth"
13482826,skin_feel,negative,makes lips feel sticky and uncomfortable
3301271,application,positive,
3301271,price_value,negative,a bit expensive
3301271,quality,positive,
15489956,application,positive,
15489956,shade_match,positive,
15489956,formula,positive,
